{"cameraMode":{"drawMode":0,"name":"Shaded","section":"Shading Mode"},"sceneLighting":true,"audioPlay":false,"sceneViewState":{"m_AlwaysRefresh":false,"showFog":true,"showSkybox":true,"showFlares":true,"showImageEffects":true,"showParticleSystems":true,"showVisualEffectGraphs":true,"m_FxEnabled":true},"in2DMode":false,"pivot":{"x":168.3000030517578,"y":17.190032958984376,"z":-192.39999389648438},"rotation":{"x":-0.09729404747486115,"y":0.9026572108268738,"z":-0.29144635796546938,"w":-0.30133557319641116},"size":17.41624641418457,"orthographic":false}